INSERT INTO  regiones (id, nombre) VALUES(1, 'Sudamerica');
INSERT INTO  regiones (id, nombre) VALUES(2, 'Centroamerica');
INSERT INTO  regiones (id, nombre) VALUES(3, 'Norteamerica');
INSERT INTO  regiones (id, nombre) VALUES(4, 'Europa');
INSERT INTO  regiones (id, nombre) VALUES(5, 'Asia');
INSERT INTO  regiones (id, nombre) VALUES(6, 'Africa');
INSERT INTO  regiones (id, nombre) VALUES(7, 'Oceania');
INSERT INTO  regiones (id, nombre) VALUES(8, 'Antartida');
INSERT INTO clientes (region_id, nombre, apellido, email, create_at) VALUES(1, 'Andres', 'Perdomo', 'dfg@gmail.com', '2022-05-29');
INSERT INTO clientes (region_id, nombre, apellido, email, create_at) VALUES(1, 'Juan', 'Perdomo', 'felipdfgeanfepe@gmail.com', '2022-05-29');
INSERT INTO clientes (region_id, nombre, apellido, email, create_at) VALUES(1, 'Julian', 'Vasques', 'felipgeanfepe@gmail.com', '2022-05-30');
INSERT INTO clientes (region_id, nombre, apellido, email, create_at) VALUES(1, 'Loco Prueba', 'Perdomo', 'sdffelipeanfepe@gmail.com', '2022-05-29');
INSERT INTO clientes (region_id, nombre, apellido, email, create_at) VALUES(1, 'Claudia', 'Perdomo', '444@gmail.com', '2022-06-01');
INSERT INTO clientes (region_id, nombre, apellido, email, create_at) VALUES(1, 'Andres', 'Perdomo', 'adrra@gmail.com', '2022-05-29');
INSERT INTO clientes (region_id, nombre, apellido, email, create_at) VALUES(1, 'Juan', 'Perdomo', 'fecvbgbdslipdfgeanfepe@gmail.com', '2022-05-29');
INSERT INTO clientes (region_id, nombre, apellido, email, create_at) VALUES(1, 'Julian', 'Vasques', 'felip5454geanfepe@gmail.com', '2022-05-30');
INSERT INTO clientes (region_id, nombre, apellido, email, create_at) VALUES(1, 'Loco Prueba', 'Perdomo', 'sd5555ffelipeanfepe@gmail.com', '2022-05-29');
INSERT INTO clientes (region_id, nombre, apellido, email, create_at) VALUES(1, 'Claudia', 'Perdomo', 'felif8752364gjhpeanfepe@gmail.com', '2022-06-01');
INSERT INTO clientes (region_id, nombre, apellido, email, create_at) VALUES(1, 'Andres', 'Perdomo', 'd4fg@gmail.com', '2022-05-29');
INSERT INTO clientes (region_id, nombre, apellido, email, create_at) VALUES(1, 'Juan', 'Perdomo', 'fe7lipdfgeanfepe@gmail.com', '2022-05-29');
INSERT INTO clientes (region_id, nombre, apellido, email, create_at) VALUES(1, 'Julian', 'Vasques', 'fe5lipgeanfepe@gmail.com', '2022-05-30');
INSERT INTO clientes (region_id, nombre, apellido, email, create_at) VALUES(1, 'Loco Prueba', 'Perdomo', 'sdf6felipeanfepe@gmail.com', '2022-05-29');
INSERT INTO clientes (region_id, nombre, apellido, email, create_at) VALUES(1, 'Claudia', 'Perdomo', '123fel9ifgjhpeanfepe@gmail.com', '2022-06-01');
INSERT INTO clientes (region_id, nombre, apellido, email, create_at) VALUES(1, 'Andres', 'Perdomo', '123dfg@gmail.com', '2022-05-29');
INSERT INTO clientes (region_id, nombre, apellido, email, create_at) VALUES(1, 'Juan', 'Perdomo', '123felipdfgeanfepe@gmail.com', '2022-05-29');
INSERT INTO clientes (region_id, nombre, apellido, email, create_at) VALUES(1, 'Julian', 'Vasques', '123felipgeanfepe@gmail.com', '2022-05-30');
INSERT INTO clientes (region_id, nombre, apellido, email, create_at) VALUES(1, 'Loco Prueba', 'Perdomo', '123sdffelipeanfepe@gmail.com', '2022-05-29');
INSERT INTO clientes (region_id, nombre, apellido, email, create_at) VALUES(1, 'Claudia', 'Perdomo', '123felifgjhpeanfepe@gmail.com', '2022-06-01');
INSERT INTO clientes (region_id, nombre, apellido, email, create_at) VALUES(1, 'Andres', 'Perdomo', 'dfg@gmail.com', '2022-05-29');
INSERT INTO clientes (region_id, nombre, apellido, email, create_at) VALUES(1, 'Juan', 'Perdomo', 'felipdfgeanfepe@gmail.com', '2022-05-29');
INSERT INTO clientes (region_id, nombre, apellido, email, create_at) VALUES(1, 'Julian', 'Vasques', 'felipgeanfepe@gmail.es', '2022-05-30');
INSERT INTO clientes (region_id, nombre, apellido, email, create_at) VALUES(1, 'Loco Prueba', 'Perdomo', 'sdffelipeanfepe@gmail.com', '2022-05-29');
INSERT INTO clientes (region_id, nombre, apellido, email, create_at) VALUES(1, 'Claudia', 'Perdomo', '444@gmail.com', '2022-06-01');
INSERT INTO clientes (region_id, nombre, apellido, email, create_at) VALUES(1, 'Andres', 'Perdomo', 'adrra@gmail.com', '2022-05-29');
INSERT INTO clientes (region_id, nombre, apellido, email, create_at) VALUES(1, 'Juan', 'Perdomo', 'fecvbgbdslipdfgeanfepe@gmail.com', '2022-05-29');
INSERT INTO clientes (region_id, nombre, apellido, email, create_at) VALUES(4, 'Julian', 'Vasques', 'felip5454geanfepe@gmail.com', '2022-05-30');
INSERT INTO clientes (region_id, nombre, apellido, email, create_at) VALUES(3, 'Loco Prueba', 'Perdomo', 'sd5555ffelipeanfepe@gmail.com', '2022-05-29');
INSERT INTO clientes (region_id, nombre, apellido, email, create_at) VALUES(2, 'Claudia', 'Perdomo', 'felif8752364gjhpeanfepe@gmail.com', '2022-06-01');
INSERT INTO clientes (region_id, nombre, apellido, email, create_at) VALUES(2, 'Andres', 'Perdomo', 'd4fg@gmail.com', '2022-05-29');
INSERT INTO clientes (region_id, nombre, apellido, email, create_at) VALUES(2, 'Juan', 'Perdomo', 'fe7lipdfgeanfepe@gmail.com', '2022-05-29');
INSERT INTO clientes (region_id, nombre, apellido, email, create_at) VALUES(3, 'Julian', 'Vasques', 'fe5lipgeanfepe@gmail.com', '2022-05-30');
INSERT INTO clientes (region_id, nombre, apellido, email, create_at) VALUES(2, 'Loco Prueba', 'Perdomo', 'sdf6felipeanfepe@gmail.com', '2022-05-29');
INSERT INTO clientes (region_id, nombre, apellido, email, create_at) VALUES(1, 'Claudia', 'Perdomo', '123fel9ifgjhpeanfepe@gmail.com', '2022-06-01');
INSERT INTO clientes (region_id, nombre, apellido, email, create_at) VALUES(1, 'Andres', 'Perdomo', '123dfg@gmail.com', '2022-05-29');
INSERT INTO clientes (region_id, nombre, apellido, email, create_at) VALUES(1, 'Juan', 'Perdomo', '123felipdfgeanfepe@gmail.com', '2022-05-29');
INSERT INTO clientes (region_id, nombre, apellido, email, create_at) VALUES(1, 'Julian', 'Vasques', '123felipgeanfepe@gmail.com', '2022-05-30');
INSERT INTO usuarios (username, password, enabled, nombre, apellido, email) VALUES ('felipeanfepe', '$2a$10$3w.pDhn/NtyLJ9dbIGvW5.Ex44kVZp7SQ451D8rOa2C6PpxVZ.krG', 1, 'Andres Felipe', 'Perdomo Andrade', 'felipeanfepe@gmail.com');
INSERT INTO usuarios (username, password, enabled, nombre, apellido, email) VALUES ('fperdomo', '$2a$10$Rvf31q8/EZkDC1ES8hw2JOttdJGDzGapZrbYF9syIebD0PUXNgxCS', 1, 'Andres Felipe', 'Perdomo Andrade', 'fperdomo@gmail.com');
INSERT INTO roles (nombre) VALUES ('ROLE_ADMIN');
INSERT INTO roles (nombre) VALUES ('ROLE_USER');
INSERT INTO usuarios_roles (usuario_id, role_id) VALUES (1,1);
INSERT INTO usuarios_roles (usuario_id, role_id) VALUES (2,2);
INSERT INTO usuarios_roles (usuario_id, role_id) VALUES (2,1);
INSERT INTO productos (nombre, precio, create_at) VALUES ('Panasonic Pantalla LCD', 259990, NOW());
INSERT INTO productos (nombre, precio, create_at) VALUES ('Sony Camara digital DSC-W320B', 123490, NOW());
INSERT INTO productos (nombre, precio, create_at) VALUES ('Apple iPod shuffle', 1234999909, NOW());
INSERT INTO productos (nombre, precio, create_at) VALUES ('Sony Notebook Z110', 654258, NOW());
INSERT INTO productos (nombre, precio, create_at) VALUES ('HP compac Laptop', 71344896, NOW());
INSERT INTO productos (nombre, precio, create_at) VALUES ('Play Station 3', 77882445, NOW());
INSERT INTO productos (nombre, precio, create_at) VALUES ('XBOX 360', 99821548, NOW());
INSERT INTO facturas (descripcion, observacion, cliente_id, create_at) VALUES ('Factura equipos de oficina', null, 1, NOW());
INSERT INTO facturas_items (cantidad, factura_id, producto_id) VALUES (1, 1, 1);
INSERT INTO facturas_items (cantidad, factura_id, producto_id) VALUES (2, 1, 4);
INSERT INTO facturas_items (cantidad, factura_id, producto_id) VALUES (1, 1, 5);
INSERT INTO facturas_items (cantidad, factura_id, producto_id) VALUES (1, 1, 7);
INSERT INTO facturas (descripcion, observacion, cliente_id, create_at) VALUES ('Factura Bicicleta', 'Alguna nota importante!!', 1, NOW());
INSERT INTO facturas_items (cantidad, factura_id, producto_id) VALUES (3, 2, 6);
